"","Estimate","model"
"1",0.00650798761766901,"pm25_ensemble"
"2",0.0154190117881222,"hyads"
"3",0.0171997407940752,"hyads_raw"
"4",0.020144237747289,"hyads.adj"
"5",0.017295616610968,"hyads_early"
"6",0.0170375628367304,"hyads_mid"
"7",0.0287654532281425,"hyads_late"
"8",0.0076297956732514,"hyads_pm"
"9",0.0129214077782045,"hyads_dpm"
"10",0.014188197960725,"hyads_no2"
"11",0.0127254434942795,"hyads_dpm_no2"
