"","Estimate","model"
"1",0.0065079876176927,"pm25_ensemble"
"2",0.0154190117881836,"hyads"
"3",0.0201442377474161,"hyads.adj"
