"","Estimate","model"
"1",0.00650798761769223,"pm25_ensemble"
"2",0.0245462480794319,"hyads"
"3",0.0299217885842652,"hyads.adj"
