"","Estimate","model"
"1",0.0065079876176927,"pm25_ensemble"
"2",0.0245462480794346,"hyads"
"3",0.0210134680622581,"hyads.adj"
