"","Estimate","model"
"1",0.0065079876176927,"pm25_ensemble"
"2",0.0208728872458083,"hyads"
"3",0.029168058510068,"hyads.adj"
